week,away_team,home_team,distance_miles
1,DET,KC,644.6142849816657
1,CAR,ATL,226.50846117988175
1,HOU,BAL,1251.777194768828
1,CIN,CLE,222.43579732997617
1,JAX,IND,698.5101817196444
1,TB,MIN,1316.5677876634281
1,TEN,NO,468.6205317073006
1,SF,PIT,2265.555890457308
1,ARI,WAS,1981.7807639884516
1,GB,CHI,182.94125091476957
1,LV,DEN,605.9925575019631
1,MIA,LAC,2339.4472425817785
1,PHI,NE,251.61952554749988
1,DAL,NYG,1370.571738469771
1,BUF,NYJ,284.42942049835835
2,MIN,PHI,985.2465079743012
2,GB,ATL,767.4622742750827
2,LV,BUF,1975.5631020692633
2,BAL,CIN,424.105579675839
2,SEA,DET,1938.3600813132723
2,IND,HOU,865.2329423628775
2,KC,JAX,950.2518799768185
2,CHI,TB,1003.4888124155437
2,LAC,TEN,1780.4676738694939
2,NYG,ARI,2139.719647369009
2,NYJ,DAL,1370.571738469771
2,WAS,DEN,1492.8025366311317
2,MIA,NE,1235.084452770988
2,NO,CAR,649.1262185409876
2,CLE,PIT,115.0135424528333
3,NYG,SF,2565.5977329272664
3,IND,BAL,510.79939549601653
3,TEN,CLE,458.98811865826735
3,ATL,DET,596.4215094931143
3,NO,GB,1010.5371353392829
3,HOU,JAX,822.2735051110055
3,DEN,MIA,1726.310022607362
3,LAC,MIN,1523.6879084601771
3,NE,NYJ,170.75409316949222
3,BUF,WAS,290.998934471954
3,CAR,SEA,2285.5791437432536
3,DAL,ARI,886.4050762624297
3,CHI,KC,413.04443513954726
3,PIT,LV,1919.7519755254818
3,PHI,TB,926.3593920892195
4,DET,GB,291.7559344215644
4,ATL,JAX,284.81875564807046
4,MIA,BUF,1182.7418088317013
4,MIN,CAR,939.0166191845793
4,DEN,CHI,920.4564071159655
4,BAL,CLE,308.3229537944291
4,PIT,HOU,1137.4264566092515
4,TB,NO,481.24941776871407
4,WAS,PHI,123.39818530318567
4,CIN,TEN,237.92439659348594
4,LV,LAC,228.50832407362068
4,NE,DAL,1536.2265337411793
4,ARI,SF,653.8141400557017
4,KC,NYJ,1091.3451980952725
4,SEA,NYG,2400.094248811771
5,CHI,WAS,594.7485558573759
5,JAX,BUF,879.1844460500847
5,HOU,ATL,701.9822804485399
5,CAR,DET,504.22250034582066
5,TEN,IND,251.00124990585417
5,NYG,MIA,1096.166173604148
5,NO,NE,1340.143174284516
5,BAL,PIT,196.60172271238733
5,CIN,ARI,1580.6964748805244
5,NYJ,DEN,1625.6485678540441
5,KC,MIN,411.2703119416224
5,DAL,SF,1483.835838829427
5,GB,LV,1534.5344457890212
6,DEN,KC,558.5348535876822
6,BAL,TEN,596.9341518129692
6,WAS,ATL,542.5172983952912
6,MIN,CHI,355.07348387153405
6,SEA,CIN,1971.4649852322493
6,SF,CLE,2167.28763156715
6,NO,HOU,318.3542854415304
6,IND,JAX,698.5101817196444
6,CAR,MIA,653.1893530563841
6,NE,LV,2365.996358231526
6,PHI,NYJ,82.85552831922418
6,DET,TB,991.9383038207155
6,NYG,BUF,284.42942049835835
6,DAL,LAC,1240.3805787221645
7,JAX,NO,504.408343634451
7,DET,BAL,397.07441955584665
7,LV,CHI,1524.4742309417666
7,CLE,IND,263.2444822823829
7,BUF,NE,392.6849509909291
7,WAS,NYG,205.10666197029028
7,ATL,TB,415.5801648314684
7,ARI,SEA,1113.9749420068938
7,GB,DEN,930.2593572286345
7,LAC,KC,1357.031983881056
7,MIA,PHI,1020.208240613042
7,SF,MIN,1584.8483972732927
8,TB,BUF,1049.0336266211818
8,HOU,CAR,926.9557352451599
8,MIN,GB,260.3690684688138
8,NO,IND,712.1298911908312
8,NE,MIA,1235.084452770988
8,NYJ,NYG,0.0
8,JAX,PIT,703.1068927213362
8,ATL,TEN,214.78305051907284
8,PHI,WAS,123.39818530318567
8,CLE,SEA,2025.8500507125743
8,BAL,ARI,2004.6950371020212
8,KC,DEN,558.5348535876822
8,CIN,SF,2043.519286175801
8,CHI,LAC,1745.7680630496673
8,LV,DET,1761.7796992941487
9,TEN,PIT,472.06533478115296
9,MIA,KC,1242.3520544398004
9,MIN,ATL,907.5596952753003
9,SEA,BAL,2334.0088098157994
9,ARI,CLE,1749.0615942245797
9,TB,HOU,792.3030107895348
9,WAS,NE,374.96723224922596
9,CHI,NO,833.5447325920787
9,IND,CAR,428.051544682271
9,NYG,LV,2227.196377738255
9,DAL,PHI,1299.5722621524428
9,BUF,CIN,393.4204807532077
9,LAC,NYJ,2445.6570201351756
10,CAR,CHI,587.4433191651065
10,IND,NE,794.6716854161933
10,CLE,BAL,308.3229537944291
10,HOU,CIN,892.6615330660045
10,SF,JAX,2374.7061064309564
10,NO,MIN,1050.8423377114984
10,GB,PIT,496.4490270881776
10,TEN,TB,619.9309840313155
10,ATL,ARI,1592.0556275991453
10,DET,LAC,1983.361921295546
10,NYG,DAL,1370.571738469771
10,WAS,SEA,2327.2932126419314
10,NYJ,LV,2227.196377738255
10,DEN,BUF,1370.20793457147
11,CIN,BAL,424.105579675839
11,DAL,CAR,930.1828177539716
11,PIT,CLE,115.0135424528333
11,CHI,DET,237.6399358829061
11,LAC,GB,1760.895163992114
11,ARI,HOU,1015.9407861582081
11,TEN,JAX,499.3657327448417
11,LV,MIA,2181.152941222969
11,NYG,WAS,205.10666197029028
11,TB,SF,2400.7412964272676
11,NYJ,BUF,284.42942049835835
11,MIN,DEN,699.6902624658983
11,PHI,KC,1036.8042058353963
12,GB,DET,291.7559344215644
12,WAS,DAL,1184.0153729157707
12,SF,SEA,678.6320332668223
12,MIA,NYJ,1096.166173604148
12,NO,ATL,424.3632651018757
12,PIT,CIN,257.48576373029766
12,JAX,HOU,822.2735051110055
12,TB,IND,841.6336290682873
12,NE,NYG,170.75409316949222
12,CAR,TEN,340.09452301491086
12,CLE,DEN,1227.1342702817174
12,KC,LV,1143.0846482585362
12,BUF,PHI,279.57849707274295
12,BAL,LAC,2319.8646391836755
12,CHI,MIN,355.07348387153405
13,SEA,DAL,1681.5412827266096
13,DEN,HOU,877.8897060128318
13,LAC,NE,2587.146876831438
13,DET,NO,938.828086449594
13,ATL,NYJ,747.4699932160769
13,ARI,PIT,1828.6808665159058
13,IND,TEN,251.00124990585417
13,MIA,WAS,924.2468420810009
13,CAR,TB,510.2669968280597
13,SF,PHI,2522.8989880988397
13,KC,GB,504.1573320955012
13,CIN,JAX,625.9747752638008
14,NE,PIT,468.45290328005046
14,TB,ATL,415.5801648314684
14,DET,CHI,237.6399358829061
14,IND,CIN,99.29963810280903
14,JAX,CLE,769.9350112753903
14,CAR,NO,649.1262185409876
14,HOU,NYJ,1418.2050470940883
14,MIN,LV,1295.6778124674076
14,SEA,SF,678.6320332668223
14,BUF,KC,859.942270582295
14,DEN,LAC,830.9858202070983
14,PHI,DAL,1299.5722621524428
14,TEN,MIA,815.8194911848715
14,GB,NYG,751.8042634034836
15,LAC,LV,228.50832407362068
15,MIN,CIN,605.314408735512
15,PIT,IND,329.6825216812207
15,DEN,DET,1157.172151251623
15,ATL,CAR,226.50846117988175
15,CHI,CLE,308.0940009621219
15,TB,GB,1182.680461111007
15,NYJ,MIA,1096.166173604148
15,KC,NE,1239.5197685913558
15,NYG,NO,1169.649298065932
15,HOU,TEN,665.4766901292348
15,SF,ARI,653.8141400557017
15,DAL,BUF,1198.7080975197355
15,BAL,JAX,680.5327263580672
15,PHI,SEA,2379.2219496011894
16,CIN,PIT,257.48576373029766
16,BUF,LAC,2197.918972058723
16,IND,ATL,426.50453477735704
16,GB,CAR,744.7825291717253
16,CLE,HOU,1114.107774777444
16,DET,MIN,543.3889872499935
16,WAS,NYJ,205.10666197029028
16,SEA,TEN,1974.4269104438843
16,JAX,TB,171.03198720383253
16,ARI,CHI,1454.1948007312392
16,DAL,MIA,1111.2233801063446
16,NE,DEN,1761.3827634141871
16,LV,KC,1143.0846482585362
16,NYG,PHI,82.85552831922418
16,BAL,SF,2457.218035387405
17,NYJ,CLE,398.708428625572
17,DET,DAL,999.7786568341086
17,MIA,BAL,955.1440136413287
17,NE,BUF,392.6849509909291
17,ATL,CHI,587.9087222076769
17,TEN,HOU,665.4766901292348
17,LV,IND,1594.595471977871
17,CAR,JAX,340.6066631380362
17,ARI,PHI,2082.304570779359
17,NO,TB,481.24941776871407
17,SF,WAS,2440.730110722326
17,PIT,SEA,2138.0946048410683
17,LAC,DEN,830.9858202070983
17,CIN,KC,540.804902208886
17,GB,MIN,260.3690684688138
18,PIT,BAL,196.60172271238733
18,HOU,IND,865.2329423628775
18,TB,CAR,510.2669968280597
18,CLE,CIN,222.43579732997617
18,MIN,DET,543.3889872499935
18,NYJ,NE,170.75409316949222
18,ATL,NO,424.3632651018757
18,JAX,TEN,499.3657327448417
18,SEA,ARI,1113.9749420068938
18,CHI,GB,182.94125091476957
18,KC,LAC,1357.031983881056
18,DEN,LV,605.9925575019631
18,PHI,NYG,82.85552831922418
18,DAL,WAS,1184.0153729157707
18,BUF,MIA,1182.7418088317013
19,CLE,HOU,1114.107774777444
19,MIA,KC,1242.3520544398004
19,GB,DAL,937.3843050202847
19,PIT,BUF,178.42116085938977
19,PHI,TB,926.3593920892195
20,HOU,BAL,1251.777194768828
20,GB,SF,1839.2226114111843
20,TB,DET,991.9383038207155
20,KC,BUF,859.942270582295
21,KC,BAL,962.9212493165022
21,DET,SF,2092.163875677308
22,SF,KC,1507.242507128849
